dataset,split,seed,case_id,alpha,threshold,box_scale
Kvasir-120,kvasir_val50,20260522,cju0s690hkp960855tjuaqvv0,0.7526059746742249,0.5794469118118286,2.1460464000701904
Kvasir-120,kvasir_val50,20260522,cju0sr5ghl0nd08789uzf1raf,0.7507442831993103,0.5810471773147583,2.20717453956604
Kvasir-120,kvasir_val50,20260522,cju0sxqiclckk08551ycbwhno,0.7524237632751465,0.5796958208084106,2.1558637619018555
Kvasir-120,kvasir_val50,20260522,cju0t4oil7vzk099370nun5h9,0.7481552958488464,0.5820910930633545,2.244802236557007
Kvasir-120,kvasir_val50,20260522,cju0tl3uz8blh0993wxvn7ly3,0.7527135610580444,0.5792337656021118,2.139439105987549
Kvasir-120,kvasir_val50,20260522,cju0u2g7pmnux0801vkk47ivj,0.7494968175888062,0.5816106796264648,2.228269100189209
Kvasir-120,kvasir_val50,20260522,cju0u82z3cuma0835wlxrnrjv,0.7495816946029663,0.5815949440002441,2.2270123958587646
Kvasir-120,kvasir_val50,20260522,cju0ue769mxii08019zqgdbxn,0.752518355846405,0.5795750021934509,2.1509761810302734
Kvasir-120,kvasir_val50,20260522,cju0vtox5ain6099360pu62rp,0.7524363994598389,0.5796976089477539,2.1551969051361084
Kvasir-120,kvasir_val50,20260522,cju13cgqmnhwn0988yrainhcp,0.7516517639160156,0.580489993095398,2.184987783432007
Kvasir-120,kvasir_val50,20260522,cju13fwthn9mq0835gacxgy01,0.7518694996833801,0.5803110599517822,2.1781482696533203
Kvasir-120,kvasir_val50,20260522,cju13hp5rnbjx0835bf0jowgx,0.7517673373222351,0.580394446849823,2.1814520359039307
Kvasir-120,kvasir_val50,20260522,cju14g8o4xui30878gkgbrvqj,0.7526528239250183,0.5793667435646057,2.143235683441162
Kvasir-120,kvasir_val50,20260522,cju14hjh2ob2o0835ouz3r5aa,0.751268744468689,0.5807859301567078,2.195303440093994
Kvasir-120,kvasir_val50,20260522,cju14pxbaoksp0835qzorx6g6,0.7522976398468018,0.5798699259757996,2.1617298126220703
Kvasir-120,kvasir_val50,20260522,cju15czxqp3lv0835jvhgzurz,0.7492181658744812,0.5817396640777588,2.2320685386657715
Kvasir-120,kvasir_val50,20260522,cju15jr8jz8sb0855ukmkswkz,0.7494084239006042,0.5816470384597778,2.2295100688934326
Kvasir-120,kvasir_val50,20260522,cju15l5ubz9yh0855b3ivdpse,0.752811074256897,0.5790472030639648,2.1325747966766357
Kvasir-120,kvasir_val50,20260522,cju15mhjczc8z0801kit5c6di,0.7522088885307312,0.5799463391304016,2.165623426437378
Kvasir-120,kvasir_val50,20260522,cju15ptjtppz40988odsm9azx,0.7521090507507324,0.5800566077232361,2.1695969104766846
Kvasir-120,kvasir_val50,20260522,cju15wdt3zla10801odjiw7sy,0.7514517903327942,0.5806277394294739,2.1906652450561523
Kvasir-120,kvasir_val50,20260522,cju160wshltz10993i1gmqxbe,0.7527367472648621,0.5792031288146973,2.1378626823425293
Kvasir-120,kvasir_val50,20260522,cju16ach3m1da0993r1dq3sn2,0.7493781447410583,0.5816718935966492,2.2299082279205322
Kvasir-120,kvasir_val50,20260522,cju16b6ynq8e40988m8vx0xnj,0.7527927160263062,0.5790908932685852,2.1339287757873535
Kvasir-120,kvasir_val50,20260522,cju16d65tzw9d0799ouslsw25,0.7524811625480652,0.5796319246292114,2.15293288230896
Kvasir-120,kvasir_val50,20260522,cju16fpvhzypl0799p9phnlx6,0.7516621947288513,0.5804726481437683,2.184685707092285
Kvasir-120,kvasir_val50,20260522,cju16jgnyzp970878melv7r25,0.7517420649528503,0.5804209113121033,2.1822476387023926
Kvasir-120,kvasir_val50,20260522,cju16whaj0e7n0855q7b6cjkm,0.7525259852409363,0.5795206427574158,2.150642156600952
Kvasir-120,kvasir_val50,20260522,cju32qr9tbvsj08013pkpjenq,0.751885712146759,0.5802680253982544,2.1776270866394043
Kvasir-120,kvasir_val50,20260522,cju32srle1xfq083575i3fl75,0.7523754239082336,0.5797755122184753,2.1581618785858154
Kvasir-120,kvasir_val50,20260522,cju32upim1z7u0988l883nqp6,0.7513315677642822,0.5807217955589294,2.193779706954956
Kvasir-120,kvasir_val50,20260522,cju32zhbnc1oy0801iyv1ix6p,0.7488678693771362,0.5818693041801453,2.236536979675293
Kvasir-120,kvasir_val50,20260522,cju330ofbc2l30801th5g3hw6,0.7526569366455078,0.5793492794036865,2.1430299282073975
Kvasir-120,kvasir_val50,20260522,cju33231uy4gi0993qc7b1jch,0.7525410056114197,0.5795382261276245,2.1497604846954346
Kvasir-120,kvasir_val50,20260522,cju334jzo261t0835yqudnfs1,0.7505474090576172,0.5811737179756165,2.21099591255188
Kvasir-120,kvasir_val50,20260522,cju336l68y7if0993wf092166,0.7506542205810547,0.5811232924461365,2.2089052200317383
Kvasir-120,kvasir_val50,20260522,cju3381d8bz3h07991xtl7ra0,0.7525758743286133,0.5794907212257385,2.147810459136963
Kvasir-120,kvasir_val50,20260522,cju33belnbyhm0878yxl42233,0.7525213360786438,0.5795671939849854,2.1508352756500244
Kvasir-120,kvasir_val50,20260522,cju33eqwbcch208012jikwdky,0.7510737776756287,0.5809069871902466,2.1999597549438477
Kvasir-120,kvasir_val50,20260522,cju33jon3ygbj0993pu22a4k6,0.7526644468307495,0.5793336033821106,2.1425623893737793
Kvasir-120,kvasir_val50,20260522,cju33mirdc8mj0799k33wzoes,0.7506862282752991,0.5811060667037964,2.208281993865967
Kvasir-120,kvasir_val50,20260522,cju33o12x2jm50988944mxq0v,0.7526821494102478,0.57930588722229,2.1414406299591064
Kvasir-120,kvasir_val50,20260522,cju33qpdvc9g0087825jhf3s9,0.7527099251747131,0.5792511105537415,2.1396484375
Kvasir-120,kvasir_val50,20260522,cju33w4sdcivk0855x879zht7,0.752267599105835,0.5799123048782349,2.1630263328552246
Kvasir-120,kvasir_val50,20260522,cju33x0f22peh0988g0ln7w5v,0.7527658939361572,0.579145610332489,2.135852813720703
Kvasir-120,kvasir_val50,20260522,cju8ceacrsqkr0755hdz145es,0.7525979280471802,0.5794554352760315,2.146535873413086
Kvasir-120,kvasir_val50,20260522,cju8cgi2kspp308011nxdtjp6,0.7526553869247437,0.5793601870536804,2.143097162246704
Kvasir-120,kvasir_val50,20260522,cju8chdlqsu620755azjty1tj,0.7520657777786255,0.5801264643669128,2.171187162399292
Kvasir-120,kvasir_val50,20260522,cju8chxndsre008015uisl4si,0.7526106834411621,0.5794415473937988,2.145764112472534
Kvasir-120,kvasir_val50,20260522,cju8cj10qsrau0871o2dr6ai1,0.7523776292800903,0.5797635912895203,2.158083438873291
Kvasir-120,kvasir_test70,20260522,cju7dp3dw2k4n0755zhe003ad,0.7524999380111694,0.5795934200286865,2.1519887447357178
Kvasir-120,kvasir_test70,20260522,cju7dqcwi2dz00850gcmr2ert,0.7517271041870117,0.5803787112236023,2.1828014850616455
Kvasir-120,kvasir_test70,20260522,cju7druhp2gp308715i6km7be,0.7502030730247498,0.5813378691673279,2.2172062397003174
Kvasir-120,kvasir_test70,20260522,cju7dsrtb2f8i085064kwugfk,0.7520429491996765,0.5801595449447632,2.172011137008667
Kvasir-120,kvasir_test70,20260522,cju7dtb1e2j0t0818deq51ib3,0.751438558101654,0.5806483626365662,2.1909964084625244
Kvasir-120,kvasir_test70,20260522,cju7dubap2g0w0801fgl42mg9,0.7523893117904663,0.5797494649887085,2.157531976699829
Kvasir-120,kvasir_test70,20260522,cju7dvl5m2n4t0755hlnnjjet,0.7526218891143799,0.5794208645820618,2.145087718963623
Kvasir-120,kvasir_test70,20260522,cju7dwe282dc309876rco45ts,0.7516334652900696,0.5804732441902161,2.185575246810913
Kvasir-120,kvasir_test70,20260522,cju7dxffn2eam0817qxosfwch,0.7523223757743835,0.579826295375824,2.1606624126434326
Kvasir-120,kvasir_test70,20260522,cju7dymur2od30755eg8yv2ht,0.7519763708114624,0.5802103281021118,2.1744654178619385
Kvasir-120,kvasir_test70,20260522,cju7dz5yy2i7z0801ausi7rna,0.7527641654014587,0.5791492462158203,2.135977268218994
Kvasir-120,kvasir_test70,20260522,cju7ea4om2l910801bohqjccy,0.7525255680084229,0.5795590281486511,2.1506145000457764
Kvasir-120,kvasir_test70,20260522,cju7ebe962hr409872ovibahw,0.7505349516868591,0.581169068813324,2.2112300395965576
Kvasir-120,kvasir_test70,20260522,cju7ecl9i2i060987xawjp4l0,0.7506206631660461,0.5811334848403931,2.2095746994018555
Kvasir-120,kvasir_test70,20260522,cju7eea9b2m0z0801ynqv1fqu,0.7517419457435608,0.5803674459457397,2.182345390319824
Kvasir-120,kvasir_test70,20260522,cju85nr8elly209872w9n5m0s,0.7524267435073853,0.5797100067138672,2.1556813716888428
Kvasir-120,kvasir_test70,20260522,cju85omszllp30850b6rm9mi3,0.751459002494812,0.5806565880775452,2.1903774738311768
Kvasir-120,kvasir_test70,20260522,cju85plp7lmkw0850rx42jdpf,0.7489914894104004,0.5818061232566833,2.235002040863037
Kvasir-120,kvasir_test70,20260522,cju85qefyln6v0850szeb9byi,0.7463830709457397,0.5825701951980591,2.2614264488220215
Kvasir-120,kvasir_test70,20260522,cju85rkbnlo1c08503uxcpax1,0.7507671117782593,0.5810743570327759,2.2066166400909424
Kvasir-120,kvasir_test70,20260522,cju87kbcen2av0987usezo8kn,0.7491703033447266,0.5817590951919556,2.2326793670654297
Kvasir-120,kvasir_test70,20260522,cju87li0zn3yb0817kbwgjiz8,0.752013087272644,0.5801098942756653,2.1731765270233154
Kvasir-120,kvasir_test70,20260522,cju87mrypnb1e0818scv1mxxg,0.7526248693466187,0.5794032216072083,2.1449687480926514
Kvasir-120,kvasir_test70,20260522,cju87nkyrnb970801q84m47yt,0.7524220943450928,0.5796712636947632,2.156003475189209
Kvasir-120,kvasir_test70,20260522,cju87ox0kncom0801b98hqnd2,0.7523895502090454,0.5797571539878845,2.1574926376342773
Kvasir-120,kvasir_test70,20260522,cju87q6yoneim0871dl4phvkd,0.7503756284713745,0.5812520980834961,2.2141761779785156
Kvasir-120,kvasir_test70,20260522,cju87r56lnkyp0755hz30leew,0.7485540509223938,0.5819607973098755,2.2403411865234375
Kvasir-120,kvasir_test70,20260522,cju87tyddnnad0755bj0wxahe,0.7415394186973572,0.5835051536560059,2.292135238647461
Kvasir-120,kvasir_test70,20260522,cju87vqa0ndwg0850onjdz7ol,0.7427883744239807,0.5832366943359375,2.285581350326538
Kvasir-120,kvasir_test70,20260522,cju87xn2snfmv0987sc3d9xnq,0.75185626745224,0.5803021788597107,2.178624391555786
Kvasir-120,kvasir_test70,20260522,cju87z6o6nh73085045bzsx6o,0.7513830065727234,0.5807199478149414,2.192378282546997
Kvasir-120,kvasir_test70,20260522,cju87zv8lni0o0850hbbecbq6,0.7527918219566345,0.5790919065475464,2.133988857269287
Kvasir-120,kvasir_test70,20260522,cju8828oxnool0801qno9luhr,0.7508576512336731,0.5810189247131348,2.2047507762908936
Kvasir-120,kvasir_test70,20260522,cju884985nlmx0817vzpax3y4,0.7527902126312256,0.5790969133377075,2.1341094970703125
Kvasir-120,kvasir_test70,20260522,cju8clorgsuwn08714toqb7v6,0.7516555190086365,0.5804896950721741,2.1848766803741455
Kvasir-120,kvasir_test70,20260522,cju8cwy02t9eq08185qn12c02,0.7517715692520142,0.5803958177566528,2.1813132762908936
Kvasir-120,kvasir_test70,20260522,cju8czvnztbf40871b4m7t78w,0.7516089081764221,0.5805160403251648,2.186258554458618
Kvasir-120,kvasir_test70,20260522,cju8d2q30tfhs0801n7lx77xl,0.7508966326713562,0.5810081362724304,2.2038943767547607
Kvasir-120,kvasir_test70,20260522,cju8d4jgatgpj0871q2ophhkm,0.7511377930641174,0.5808627009391785,2.1984822750091553
Kvasir-120,kvasir_test70,20260522,cju8dic9mtppa0987swn23wbc,0.7494581341743469,0.5816587209701538,2.2287545204162598
Kvasir-120,kvasir_test70,20260522,cju8djdqztu6408506pzhlo18,0.7519843578338623,0.5802005529403687,2.174190044403076
Kvasir-120,kvasir_test70,20260522,cju8dk7eztzup08182yxko5zh,0.7526223063468933,0.579403817653656,2.145144462585449
Kvasir-120,kvasir_test70,20260522,cju8dm2cau2km0818jsv9eeq2,0.7519580125808716,0.580224871635437,2.175114631652832
Kvasir-120,kvasir_test70,20260522,cju8dn0c3u2v50801k8rvq02f,0.7504523992538452,0.581159234046936,2.2128570079803467
Kvasir-120,kvasir_test70,20260522,cju8doa16u5gh0818w1ywda3q,0.7458215355873108,0.5826155543327332,2.2658913135528564
Kvasir-120,kvasir_test70,20260522,cju8dpa89u6l80818dj6lldh9,0.7502742409706116,0.5813136100769043,2.215954542160034
Kvasir-120,kvasir_test70,20260522,cju8dqkrqu83i0818ev74qpxq,0.7484927177429199,0.5819184184074402,2.2411439418792725
Kvasir-120,kvasir_test70,20260522,cjyzjzssvd8pq0838f4nolj5l,0.7524634003639221,0.5796289443969727,2.1538796424865723
Kvasir-120,kvasir_test70,20260522,cjyzk8qieoboa0848ogj51wwm,0.743252158164978,0.5831702351570129,2.2829055786132812
Kvasir-120,kvasir_test70,20260522,cjyzkmjy8evns070165gf9dmq,0.7520630955696106,0.5801386833190918,2.17126727104187
Kvasir-120,kvasir_test70,20260522,cjyzkpsbjdsjq07211dfi4sru,0.7527340650558472,0.5792135000228882,2.138021945953369
Kvasir-120,kvasir_test70,20260522,cjyzl833ndne80838pzuq6ila,0.7515345215797424,0.5805878639221191,2.188347578048706
Kvasir-120,kvasir_test70,20260522,cjyzlw7f9faqr070129au64sq,0.7517918348312378,0.5803843140602112,2.1806564331054688
Kvasir-120,kvasir_test70,20260522,cjyztzaqtrv430848l8xgcerw,0.7503969073295593,0.5812622904777527,2.213744878768921
Kvasir-120,kvasir_test70,20260522,cjyzu3reghjya0794w7pwoi50,0.7519329190254211,0.5802534222602844,2.175987720489502
Kvasir-120,kvasir_test70,20260522,cjyzu9th0qt4r0a46pyl4zik0,0.7506136894226074,0.5811312794685364,2.2096598148345947
Kvasir-120,kvasir_test70,20260522,cjyzufihqquiw0a46jatrbwln,0.7467985153198242,0.5824599266052246,2.2579243183135986
Kvasir-120,kvasir_test70,20260522,cjyzuio1qgh040763k56deohv,0.7527821063995361,0.5791159868240356,2.1346781253814697
Kvasir-120,kvasir_test70,20260522,cjyzul1qggwwj07216mhiv5sy,0.7521360516548157,0.5800229907035828,2.1685142517089844
Kvasir-120,kvasir_test70,20260522,cjyzurzvohqnr0794es1itzek,0.7508822679519653,0.5810327529907227,2.2041635513305664
Kvasir-120,kvasir_test70,20260522,cjz14qsk2wci60794un9ozwmw,0.7516708970069885,0.5804908871650696,2.1843748092651367
Kvasir-120,kvasir_test70,20260522,ck2395w2mb4vu07480otsu6tw,0.7507247924804688,0.5810913443565369,2.2074830532073975
Kvasir-120,kvasir_test70,20260522,ck2bxiswtxuw80838qkisqjwz,0.7515497803688049,0.5805780291557312,2.187915802001953
Kvasir-120,kvasir_test70,20260522,ck2bxknhjvs1x0794iogrq49k,0.7516545653343201,0.5804964303970337,2.1848883628845215
Kvasir-120,kvasir_test70,20260522,ck2bxlujamu330725szlc2jdu,0.7526120543479919,0.5794373750686646,2.145699977874756
Kvasir-120,kvasir_test70,20260522,ck2bxpfgxu2mk0748gsh7xelu,0.7526472806930542,0.5793622732162476,2.143630027770996
Kvasir-120,kvasir_test70,20260522,ck2bxqz3evvg20794iiyv5v2m,0.7527772784233093,0.5791285037994385,2.135023593902588
Kvasir-120,kvasir_test70,20260522,ck2bxskgxxzfv08386xkqtqdy,0.7523830533027649,0.5797594785690308,2.1578240394592285
Kvasir-120,kvasir_test70,20260522,ck2bxw18mmz1k0725litqq2mc,0.752557635307312,0.5795099139213562,2.1488518714904785
Kvasir-120,kvasir_test70,20260522,ck2da7fwcjfis07218r1rvm95,0.7526155710220337,0.5794302225112915,2.145493507385254
PH2-60,ph2_val30,20260522,ph2_imd107,0.6236157417297363,0.5262137055397034,2.084981918334961
PH2-60,ph2_val30,20260522,ph2_imd381,0.6234281659126282,0.5263789296150208,2.0856094360351562
PH2-60,ph2_val30,20260522,ph2_imd023,0.6235746741294861,0.5263094305992126,2.0851564407348633
PH2-60,ph2_val30,20260522,ph2_imd080,0.6219165325164795,0.5274935960769653,2.0909979343414307
PH2-60,ph2_val30,20260522,ph2_imd168,0.6212819218635559,0.5279075503349304,2.0931615829467773
PH2-60,ph2_val30,20260522,ph2_imd144,0.6240872740745544,0.5258695483207703,2.08331036567688
PH2-60,ph2_val30,20260522,ph2_imd368,0.6239103078842163,0.5260055661201477,2.083921432495117
PH2-60,ph2_val30,20260522,ph2_imd027,0.6230594515800476,0.5266352295875549,2.0869274139404297
PH2-60,ph2_val30,20260522,ph2_imd173,0.6230431795120239,0.5266422629356384,2.087001085281372
PH2-60,ph2_val30,20260522,ph2_imd041,0.6234006881713867,0.5263862013816833,2.0857179164886475
PH2-60,ph2_val30,20260522,ph2_imd360,0.6238824129104614,0.5260226726531982,2.0840420722961426
PH2-60,ph2_val30,20260522,ph2_imd243,0.6227851510047913,0.5268386006355286,2.0878798961639404
PH2-60,ph2_val30,20260522,ph2_imd017,0.622667670249939,0.5269429087638855,2.088324546813965
PH2-60,ph2_val30,20260522,ph2_imd134,0.6232509613037109,0.5264744758605957,2.0862767696380615
PH2-60,ph2_val30,20260522,ph2_imd161,0.6227326989173889,0.5268958806991577,2.0880911350250244
PH2-60,ph2_val30,20260522,ph2_imd166,0.6225681900978088,0.5270098447799683,2.0886549949645996
PH2-60,ph2_val30,20260522,ph2_imd033,0.6240351796150208,0.5259400010108948,2.0835227966308594
PH2-60,ph2_val30,20260522,ph2_imd175,0.6234516501426697,0.5263445973396301,2.0855557918548584
PH2-60,ph2_val30,20260522,ph2_imd418,0.6215454339981079,0.5277479887008667,2.0922744274139404
PH2-60,ph2_val30,20260522,ph2_imd427,0.6230864524841309,0.5266220569610596,2.0868594646453857
PH2-60,ph2_val30,20260522,ph2_imd159,0.6208511590957642,0.5282105207443237,2.094663381576538
PH2-60,ph2_val30,20260522,ph2_imd417,0.6221045851707458,0.5273604393005371,2.0903193950653076
PH2-60,ph2_val30,20260522,ph2_imd050,0.6231189370155334,0.5265807509422302,2.0867481231689453
PH2-60,ph2_val30,20260522,ph2_imd399,0.6217875480651855,0.5275266766548157,2.0914173126220703
PH2-60,ph2_val30,20260522,ph2_imd160,0.6224091053009033,0.5271273851394653,2.089235544204712
PH2-60,ph2_val30,20260522,ph2_imd421,0.6238054037094116,0.5261449217796326,2.0843517780303955
PH2-60,ph2_val30,20260522,ph2_imd057,0.6220910549163818,0.5273501873016357,2.090341567993164
PH2-60,ph2_val30,20260522,ph2_imd003,0.622186005115509,0.5272438526153564,2.0899600982666016
PH2-60,ph2_val30,20260522,ph2_imd139,0.6226402521133423,0.526907205581665,2.0884103775024414
PH2-60,ph2_val30,20260522,ph2_imd379,0.6228785514831543,0.5267528891563416,2.0875842571258545
PH2-60,ph2_test30,20260522,ph2_imd226,0.6219064593315125,0.5274460911750793,2.0909838676452637
PH2-60,ph2_test30,20260522,ph2_imd103,0.623927652835846,0.5259859561920166,2.0838754177093506
PH2-60,ph2_test30,20260522,ph2_imd204,0.6243287324905396,0.5256960391998291,2.082441568374634
PH2-60,ph2_test30,20260522,ph2_imd429,0.622951328754425,0.5266966223716736,2.0873236656188965
PH2-60,ph2_test30,20260522,ph2_imd397,0.6232224702835083,0.5265206694602966,2.0863735675811768
PH2-60,ph2_test30,20260522,ph2_imd085,0.6210885047912598,0.5280494093894958,2.0938479900360107
PH2-60,ph2_test30,20260522,ph2_imd370,0.6232367157936096,0.5265092253684998,2.086300849914551
PH2-60,ph2_test30,20260522,ph2_imd435,0.6226538419723511,0.5269566178321838,2.0883660316467285
PH2-60,ph2_test30,20260522,ph2_imd383,0.6237960457801819,0.5260798931121826,2.084336757659912
PH2-60,ph2_test30,20260522,ph2_imd312,0.6235572099685669,0.5262634754180908,2.085191249847412
PH2-60,ph2_test30,20260522,ph2_imd108,0.6236331462860107,0.5262018442153931,2.0849132537841797
PH2-60,ph2_test30,20260522,ph2_imd101,0.6215816140174866,0.527719259262085,2.0921220779418945
PH2-60,ph2_test30,20260522,ph2_imd032,0.6238664388656616,0.5260852575302124,2.084120988845825
PH2-60,ph2_test30,20260522,ph2_imd013,0.6232706308364868,0.5264754891395569,2.086211919784546
PH2-60,ph2_test30,20260522,ph2_imd014,0.6231171488761902,0.5266240835189819,2.086742401123047
PH2-60,ph2_test30,20260522,ph2_imd206,0.6236698031425476,0.5261704325675964,2.084796667098999
PH2-60,ph2_test30,20260522,ph2_imd380,0.623560905456543,0.5262559056282043,2.0851686000823975
PH2-60,ph2_test30,20260522,ph2_imd031,0.6232177019119263,0.5265653729438782,2.0864267349243164
PH2-60,ph2_test30,20260522,ph2_imd365,0.6236918568611145,0.5261566638946533,2.084714889526367
PH2-60,ph2_test30,20260522,ph2_imd405,0.6232216358184814,0.5265058279037476,2.0863826274871826
PH2-60,ph2_test30,20260522,ph2_imd036,0.6214917302131653,0.5277763605117798,2.092435836791992
PH2-60,ph2_test30,20260522,ph2_imd425,0.6228800415992737,0.5267980694770813,2.087580919265747
PH2-60,ph2_test30,20260522,ph2_imd045,0.6234089136123657,0.5263578295707703,2.0857136249542236
PH2-60,ph2_test30,20260522,ph2_imd105,0.6233431696891785,0.5264057517051697,2.085926055908203
PH2-60,ph2_test30,20260522,ph2_imd120,0.622620701789856,0.5269481539726257,2.088475227355957
PH2-60,ph2_test30,20260522,ph2_imd138,0.6228779554367065,0.526759684085846,2.087575912475586
PH2-60,ph2_test30,20260522,ph2_imd426,0.6228196024894714,0.5268256664276123,2.0877976417541504
PH2-60,ph2_test30,20260522,ph2_imd010,0.6226335167884827,0.5269181728363037,2.0884416103363037
PH2-60,ph2_test30,20260522,ph2_imd038,0.6236085295677185,0.5262186527252197,2.0850207805633545
PH2-60,ph2_test30,20260522,ph2_imd394,0.623511791229248,0.5262969136238098,2.0853271484375
Kvasir-120,kvasir_val50,20260527,cju0s690hkp960855tjuaqvv0,0.7524606585502625,0.5736582279205322,2.184581756591797
Kvasir-120,kvasir_val50,20260527,cju0sr5ghl0nd08789uzf1raf,0.7497513294219971,0.5765922665596008,2.247729778289795
Kvasir-120,kvasir_val50,20260527,cju0sxqiclckk08551ycbwhno,0.7522543668746948,0.5740478038787842,2.1929855346679688
Kvasir-120,kvasir_val50,20260527,cju0t4oil7vzk099370nun5h9,0.7456561923027039,0.5785903930664062,2.2869162559509277
Kvasir-120,kvasir_val50,20260527,cju0tl3uz8blh0993wxvn7ly3,0.7526603937149048,0.5732294917106628,2.174752950668335
Kvasir-120,kvasir_val50,20260527,cju0u2g7pmnux0801vkk47ivj,0.7479535341262817,0.5776136517524719,2.2682979106903076
Kvasir-120,kvasir_val50,20260527,cju0u82z3cuma0835wlxrnrjv,0.7480250597000122,0.5775800347328186,2.267653226852417
Kvasir-120,kvasir_val50,20260527,cju0ue769mxii08019zqgdbxn,0.7522473335266113,0.5740771889686584,2.1932411193847656
Kvasir-120,kvasir_val50,20260527,cju0vtox5ain6099360pu62rp,0.7522125840187073,0.5741225481033325,2.194579839706421
Kvasir-120,kvasir_val50,20260527,cju13cgqmnhwn0988yrainhcp,0.7509549856185913,0.575683057308197,2.2279388904571533
Kvasir-120,kvasir_val50,20260527,cju13fwthn9mq0835gacxgy01,0.7512105703353882,0.5754238367080688,2.222623586654663
Kvasir-120,kvasir_val50,20260527,cju13hp5rnbjx0835bf0jowgx,0.7512518167495728,0.575372040271759,2.221740961074829
Kvasir-120,kvasir_val50,20260527,cju14g8o4xui30878gkgbrvqj,0.752561628818512,0.5734337568283081,2.1799123287200928
Kvasir-120,kvasir_val50,20260527,cju14hjh2ob2o0835ouz3r5aa,0.7505050301551819,0.5760533213615417,2.2362661361694336
Kvasir-120,kvasir_val50,20260527,cju14pxbaoksp0835qzorx6g6,0.7519587278366089,0.5745262503623962,2.203155517578125
Kvasir-120,kvasir_val50,20260527,cju15czxqp3lv0835jvhgzurz,0.7475281357765198,0.5778078436851501,2.2722744941711426
Kvasir-120,kvasir_val50,20260527,cju15jr8jz8sb0855ukmkswkz,0.7479190230369568,0.5776315331459045,2.2686336040496826
Kvasir-120,kvasir_val50,20260527,cju15l5ubz9yh0855b3ivdpse,0.7528461217880249,0.5727255344390869,2.1637990474700928
Kvasir-120,kvasir_val50,20260527,cju15mhjczc8z0801kit5c6di,0.7516926527023315,0.574886679649353,2.2108309268951416
Kvasir-120,kvasir_val50,20260527,cju15ptjtppz40988odsm9azx,0.7517082095146179,0.5748444199562073,2.2104294300079346
Kvasir-120,kvasir_val50,20260527,cju15wdt3zla10801odjiw7sy,0.7505193948745728,0.5760645866394043,2.235935926437378
Kvasir-120,kvasir_val50,20260527,cju160wshltz10993i1gmqxbe,0.7526605725288391,0.5732292532920837,2.174812078475952
Kvasir-120,kvasir_val50,20260527,cju16ach3m1da0993r1dq3sn2,0.7476069927215576,0.5777866840362549,2.271533966064453
Kvasir-120,kvasir_val50,20260527,cju16b6ynq8e40988m8vx0xnj,0.7527772784233093,0.5729212760925293,2.1682162284851074
Kvasir-120,kvasir_val50,20260527,cju16d65tzw9d0799ouslsw25,0.752277135848999,0.574012041091919,2.192173957824707
Kvasir-120,kvasir_val50,20260527,cju16fpvhzypl0799p9phnlx6,0.7510184049606323,0.5756110548973083,2.226651668548584
Kvasir-120,kvasir_val50,20260527,cju16jgnyzp970878melv7r25,0.7510809302330017,0.5755577683448792,2.225379467010498
Kvasir-120,kvasir_val50,20260527,cju16whaj0e7n0855q7b6cjkm,0.7525161504745483,0.5735512375831604,2.1819703578948975
Kvasir-120,kvasir_val50,20260527,cju32qr9tbvsj08013pkpjenq,0.7516719102859497,0.5748953819274902,2.211432933807373
Kvasir-120,kvasir_val50,20260527,cju32srle1xfq083575i3fl75,0.7521107196807861,0.5742924809455872,2.1981709003448486
Kvasir-120,kvasir_val50,20260527,cju32upim1z7u0988l883nqp6,0.7505865693092346,0.5760015845298767,2.2348127365112305
Kvasir-120,kvasir_val50,20260527,cju32zhbnc1oy0801iyv1ix6p,0.7468610405921936,0.5781145691871643,2.2779572010040283
Kvasir-120,kvasir_val50,20260527,cju330ofbc2l30801th5g3hw6,0.7524707317352295,0.5736667513847351,2.184041738510132
Kvasir-120,kvasir_val50,20260527,cju33231uy4gi0993qc7b1jch,0.7523005604743958,0.573981523513794,2.1911792755126953
Kvasir-120,kvasir_val50,20260527,cju334jzo261t0835yqudnfs1,0.749421238899231,0.5768319368362427,2.252141237258911
Kvasir-120,kvasir_val50,20260527,cju336l68y7if0993wf092166,0.749912440776825,0.5764955878257751,2.2455108165740967
Kvasir-120,kvasir_val50,20260527,cju3381d8bz3h07991xtl7ra0,0.7523703575134277,0.5738464593887329,2.1883835792541504
Kvasir-120,kvasir_val50,20260527,cju33belnbyhm0878yxl42233,0.7522643208503723,0.5740428566932678,2.1925854682922363
Kvasir-120,kvasir_val50,20260527,cju33eqwbcch208012jikwdky,0.7502175569534302,0.5762839317321777,2.240964889526367
Kvasir-120,kvasir_val50,20260527,cju33jon3ygbj0993pu22a4k6,0.7525152564048767,0.5735629200935364,2.1820316314697266
Kvasir-120,kvasir_val50,20260527,cju33mirdc8mj0799k33wzoes,0.7497826218605042,0.5765885710716248,2.247339963912964
Kvasir-120,kvasir_val50,20260527,cju33o12x2jm50988944mxq0v,0.7525551915168762,0.5734720230102539,2.1801681518554688
Kvasir-120,kvasir_val50,20260527,cju33qpdvc9g0087825jhf3s9,0.7526120543479919,0.5733520984649658,2.1773252487182617
Kvasir-120,kvasir_val50,20260527,cju33w4sdcivk0855x879zht7,0.7519585490226746,0.574519693851471,2.2031993865966797
Kvasir-120,kvasir_val50,20260527,cju33x0f22peh0988g0ln7w5v,0.7527063488960266,0.5731261372566223,2.172271728515625
Kvasir-120,kvasir_val50,20260527,cju8ceacrsqkr0755hdz145es,0.7523941993713379,0.5738041400909424,2.1874070167541504
Kvasir-120,kvasir_val50,20260527,cju8cgi2kspp308011nxdtjp6,0.7525368332862854,0.5734996199607849,2.181061029434204
Kvasir-120,kvasir_val50,20260527,cju8chdlqsu620755azjty1tj,0.7515662312507629,0.5750367045402527,2.214226722717285
Kvasir-120,kvasir_val50,20260527,cju8chxndsre008015uisl4si,0.752476692199707,0.5736182928085327,2.1838924884796143
Kvasir-120,kvasir_val50,20260527,cju8cj10qsrau0871o2dr6ai1,0.7520573139190674,0.5743876695632935,2.1999659538269043
Kvasir-120,kvasir_test70,20260527,cju7dp3dw2k4n0755zhe003ad,0.7522133588790894,0.5741378664970398,2.194493055343628
Kvasir-120,kvasir_test70,20260527,cju7dqcwi2dz00850gcmr2ert,0.7517037987709045,0.5748386979103088,2.2105352878570557
Kvasir-120,kvasir_test70,20260527,cju7druhp2gp308715i6km7be,0.7489162087440491,0.5771094560623169,2.258291721343994
Kvasir-120,kvasir_test70,20260527,cju7dsrtb2f8i085064kwugfk,0.75174480676651,0.5748050212860107,2.209512233734131
Kvasir-120,kvasir_test70,20260527,cju7dtb1e2j0t0818deq51ib3,0.7505542039871216,0.5760259032249451,2.235351085662842
Kvasir-120,kvasir_test70,20260527,cju7dubap2g0w0801fgl42mg9,0.7519824504852295,0.5744986534118652,2.202375888824463
Kvasir-120,kvasir_test70,20260527,cju7dvl5m2n4t0755hlnnjjet,0.7525244951248169,0.5735135078430176,2.1817116737365723
Kvasir-120,kvasir_test70,20260527,cju7dwe282dc309876rco45ts,0.7512964606285095,0.5753034949302673,2.2207140922546387
Kvasir-120,kvasir_test70,20260527,cju7dxffn2eam0817qxosfwch,0.7519248127937317,0.574583113193512,2.204164505004883
Kvasir-120,kvasir_test70,20260527,cju7dymur2od30755eg8yv2ht,0.751564085483551,0.5750319957733154,2.214301109313965
Kvasir-120,kvasir_test70,20260527,cju7dz5yy2i7z0801ausi7rna,0.7527066469192505,0.5731230974197388,2.1722583770751953
Kvasir-120,kvasir_test70,20260527,cju7ea4om2l910801bohqjccy,0.7522556781768799,0.5740638375282288,2.19291353225708
Kvasir-120,kvasir_test70,20260527,cju7ebe962hr409872ovibahw,0.7498220801353455,0.5765388011932373,2.2467939853668213
Kvasir-120,kvasir_test70,20260527,cju7ecl9i2i060987xawjp4l0,0.7494397759437561,0.5768147706985474,2.251922130584717
Kvasir-120,kvasir_test70,20260527,cju7eea9b2m0z0801ynqv1fqu,0.7513887286186218,0.5752077698707581,2.2185583114624023
Kvasir-120,kvasir_test70,20260527,cju85nr8elly209872w9n5m0s,0.7521739602088928,0.574189305305481,2.1959660053253174
Kvasir-120,kvasir_test70,20260527,cju85omszllp30850b6rm9mi3,0.7507950663566589,0.5758146643638611,2.2310791015625
Kvasir-120,kvasir_test70,20260527,cju85plp7lmkw0850rx42jdpf,0.7471769452095032,0.5779750943183899,2.275343894958496
Kvasir-120,kvasir_test70,20260527,cju85qefyln6v0850szeb9byi,0.7425374984741211,0.5796036124229431,2.305171251296997
Kvasir-120,kvasir_test70,20260527,cju85rkbnlo1c08503uxcpax1,0.7498829364776611,0.5765239000320435,2.245945930480957
Kvasir-120,kvasir_test70,20260527,cju87kbcen2av0987usezo8kn,0.7474073171615601,0.5778753161430359,2.273350238800049
Kvasir-120,kvasir_test70,20260527,cju87li0zn3yb0817kbwgjiz8,0.7521202564239502,0.5742300152778625,2.197869062423706
Kvasir-120,kvasir_test70,20260527,cju87mrypnb1e0818scv1mxxg,0.7524576187133789,0.5736777782440186,2.1846632957458496
Kvasir-120,kvasir_test70,20260527,cju87nkyrnb970801q84m47yt,0.7522772550582886,0.5740095973014832,2.1920766830444336
Kvasir-120,kvasir_test70,20260527,cju87ox0kncom0801b98hqnd2,0.7520819306373596,0.5743416547775269,2.1991562843322754
Kvasir-120,kvasir_test70,20260527,cju87q6yoneim0871dl4phvkd,0.7492424845695496,0.576930820941925,2.254417657852173
Kvasir-120,kvasir_test70,20260527,cju87r56lnkyp0755hz30leew,0.7462466359138489,0.5783743262290955,2.282686471939087
Kvasir-120,kvasir_test70,20260527,cju87tyddnnad0755bj0wxahe,0.7344082593917847,0.5814616084098816,2.3359639644622803
Kvasir-120,kvasir_test70,20260527,cju87vqa0ndwg0850onjdz7ol,0.7373369932174683,0.5808439254760742,2.3266396522521973
Kvasir-120,kvasir_test70,20260527,cju87xn2snfmv0987sc3d9xnq,0.7514617443084717,0.5751426815986633,2.2168190479278564
Kvasir-120,kvasir_test70,20260527,cju87z6o6nh73085045bzsx6o,0.7508557438850403,0.575757622718811,2.2299513816833496
Kvasir-120,kvasir_test70,20260527,cju87zv8lni0o0850hbbecbq6,0.7527644038200378,0.5729595422744751,2.1689021587371826
Kvasir-120,kvasir_test70,20260527,cju8828oxnool0801qno9luhr,0.7496864199638367,0.5766616463661194,2.2486701011657715
Kvasir-120,kvasir_test70,20260527,cju884985nlmx0817vzpax3y4,0.7527691721916199,0.5729516744613647,2.168612480163574
Kvasir-120,kvasir_test70,20260527,cju8clorgsuwn08714toqb7v6,0.7509412169456482,0.5756860971450806,2.2282369136810303
Kvasir-120,kvasir_test70,20260527,cju8cwy02t9eq08185qn12c02,0.7511986494064331,0.5754386782646179,2.222895383834839
Kvasir-120,kvasir_test70,20260527,cju8czvnztbf40871b4m7t78w,0.7509304285049438,0.5757030248641968,2.2284088134765625
Kvasir-120,kvasir_test70,20260527,cju8d2q30tfhs0801n7lx77xl,0.7500521540641785,0.5764093995094299,2.243476390838623
Kvasir-120,kvasir_test70,20260527,cju8d4jgatgpj0871q2ophhkm,0.7503811120986938,0.5761620402336121,2.2383270263671875
Kvasir-120,kvasir_test70,20260527,cju8dic9mtppa0987swn23wbc,0.7478978633880615,0.5776495933532715,2.2688870429992676
Kvasir-120,kvasir_test70,20260527,cju8djdqztu6408506pzhlo18,0.751545250415802,0.5750661492347717,2.2147560119628906
Kvasir-120,kvasir_test70,20260527,cju8dk7eztzup08182yxko5zh,0.7523621916770935,0.5738874673843384,2.188650608062744
Kvasir-120,kvasir_test70,20260527,cju8dm2cau2km0818jsv9eeq2,0.7515921592712402,0.5749998688697815,2.2135722637176514
Kvasir-120,kvasir_test70,20260527,cju8dn0c3u2v50801k8rvq02f,0.7497679591178894,0.5765562057495117,2.247572660446167
Kvasir-120,kvasir_test70,20260527,cju8doa16u5gh0818w1ywda3q,0.7441539764404297,0.5790329575538635,2.2964868545532227
Kvasir-120,kvasir_test70,20260527,cju8dpa89u6l80818dj6lldh9,0.7488528490066528,0.5771608948707581,2.2590012550354004
Kvasir-120,kvasir_test70,20260527,cju8dqkrqu83i0818ev74qpxq,0.7465822100639343,0.5781620740890503,2.280182123184204
Kvasir-120,kvasir_test70,20260527,cjyzjzssvd8pq0838f4nolj5l,0.7522666454315186,0.5740249752998352,2.192460298538208
Kvasir-120,kvasir_test70,20260527,cjyzk8qieoboa0848ogj51wwm,0.7382898926734924,0.5806500315666199,2.3232760429382324
Kvasir-120,kvasir_test70,20260527,cjyzkmjy8evns070165gf9dmq,0.751728892326355,0.5748342275619507,2.209941864013672
Kvasir-120,kvasir_test70,20260527,cjyzkpsbjdsjq07211dfi4sru,0.7526741623878479,0.5731813907623291,2.1741151809692383
Kvasir-120,kvasir_test70,20260527,cjyzl833ndne80838pzuq6ila,0.7509908676147461,0.5756357908248901,2.2272145748138428
Kvasir-120,kvasir_test70,20260527,cjyzlw7f9faqr070129au64sq,0.7512305974960327,0.5754048824310303,2.222210645675659
Kvasir-120,kvasir_test70,20260527,cjyztzaqtrv430848l8xgcerw,0.7492517232894897,0.5769280791282654,2.254326343536377
Kvasir-120,kvasir_test70,20260527,cjyzu3reghjya0794w7pwoi50,0.7514533996582031,0.575160026550293,2.217057228088379
Kvasir-120,kvasir_test70,20260527,cjyzu9th0qt4r0a46pyl4zik0,0.7504422664642334,0.5760802030563354,2.2373149394989014
Kvasir-120,kvasir_test70,20260527,cjyzufihqquiw0a46jatrbwln,0.7439007759094238,0.5791650414466858,2.2979304790496826
Kvasir-120,kvasir_test70,20260527,cjyzuio1qgh040763k56deohv,0.752751886844635,0.5729888081550598,2.169694423675537
Kvasir-120,kvasir_test70,20260527,cjyzul1qggwwj07216mhiv5sy,0.7518757581710815,0.5746265053749084,2.2056708335876465
Kvasir-120,kvasir_test70,20260527,cjyzurzvohqnr0794es1itzek,0.7500211000442505,0.5764239430427551,2.2439863681793213
Kvasir-120,kvasir_test70,20260527,cjz14qsk2wci60794un9ozwmw,0.7511485815048218,0.5754841566085815,2.223992347717285
Kvasir-120,kvasir_test70,20260527,ck2395w2mb4vu07480otsu6tw,0.749904215335846,0.5764987468719482,2.24562406539917
Kvasir-120,kvasir_test70,20260527,ck2bxiswtxuw80838qkisqjwz,0.7508081793785095,0.5758073329925537,2.23079776763916
Kvasir-120,kvasir_test70,20260527,ck2bxknhjvs1x0794iogrq49k,0.7511254549026489,0.575512707233429,2.2244820594787598
Kvasir-120,kvasir_test70,20260527,ck2bxlujamu330725szlc2jdu,0.7524813413619995,0.5736087560653687,2.1836233139038086
Kvasir-120,kvasir_test70,20260527,ck2bxpfgxu2mk0748gsh7xelu,0.7524780631065369,0.5736351609230042,2.183734893798828
Kvasir-120,kvasir_test70,20260527,ck2bxqz3evvg20794iiyv5v2m,0.752745509147644,0.5729967355728149,2.1700398921966553
Kvasir-120,kvasir_test70,20260527,ck2bxskgxxzfv08386xkqtqdy,0.7520450949668884,0.5743988156318665,2.2003777027130127
Kvasir-120,kvasir_test70,20260527,ck2bxw18mmz1k0725litqq2mc,0.7523245811462402,0.5739340782165527,2.190197706222534
Kvasir-120,kvasir_test70,20260527,ck2da7fwcjfis07218r1rvm95,0.7524479031562805,0.5736908316612244,2.1851131916046143
PH2-60,ph2_val30,20260527,ph2_imd107,0.6258915662765503,0.5238860249519348,2.089120626449585
PH2-60,ph2_val30,20260527,ph2_imd381,0.6268624663352966,0.523199737071991,2.0858030319213867
PH2-60,ph2_val30,20260527,ph2_imd023,0.6256563067436218,0.5241121649742126,2.089907646179199
PH2-60,ph2_val30,20260527,ph2_imd080,0.6225376129150391,0.5264249444007874,2.1005563735961914
PH2-60,ph2_val30,20260527,ph2_imd168,0.6252459287643433,0.5244222283363342,2.091289758682251
PH2-60,ph2_val30,20260527,ph2_imd144,0.6274551153182983,0.5227537751197815,2.0837299823760986
PH2-60,ph2_val30,20260527,ph2_imd368,0.6273095607757568,0.5228576064109802,2.084252119064331
PH2-60,ph2_val30,20260527,ph2_imd027,0.6259995102882385,0.5238351225852966,2.0887436866760254
PH2-60,ph2_val30,20260527,ph2_imd173,0.6258091330528259,0.5239717364311218,2.089367389678955
PH2-60,ph2_val30,20260527,ph2_imd041,0.627196729183197,0.5229688286781311,2.0846047401428223
PH2-60,ph2_val30,20260527,ph2_imd360,0.6267929077148438,0.5232409834861755,2.0860228538513184
PH2-60,ph2_val30,20260527,ph2_imd243,0.6265557408332825,0.5234529376029968,2.086804151535034
PH2-60,ph2_val30,20260527,ph2_imd017,0.6250545978546143,0.5245740413665771,2.0919697284698486
PH2-60,ph2_val30,20260527,ph2_imd134,0.6249483823776245,0.5245720148086548,2.0923609733581543
PH2-60,ph2_val30,20260527,ph2_imd161,0.6254918575286865,0.5242312550544739,2.0904858112335205
PH2-60,ph2_val30,20260527,ph2_imd166,0.6259956955909729,0.523857831954956,2.0887465476989746
PH2-60,ph2_val30,20260527,ph2_imd033,0.6272333860397339,0.5229441523551941,2.084455966949463
PH2-60,ph2_val30,20260527,ph2_imd175,0.6263652443885803,0.5235550999641418,2.0874810218811035
PH2-60,ph2_val30,20260527,ph2_imd418,0.6245709657669067,0.5249286890029907,2.093611001968384
PH2-60,ph2_val30,20260527,ph2_imd427,0.6257180571556091,0.5240472555160522,2.0896799564361572
PH2-60,ph2_val30,20260527,ph2_imd159,0.6235222220420837,0.5256191492080688,2.097254753112793
PH2-60,ph2_val30,20260527,ph2_imd417,0.6233956217765808,0.5257653594017029,2.097646474838257
PH2-60,ph2_val30,20260527,ph2_imd050,0.6250506043434143,0.5245056748390198,2.0919764041900635
PH2-60,ph2_val30,20260527,ph2_imd399,0.6229841113090515,0.5259943604469299,2.0990428924560547
PH2-60,ph2_val30,20260527,ph2_imd160,0.6248974204063416,0.5246573090553284,2.092524528503418
PH2-60,ph2_val30,20260527,ph2_imd421,0.6256192326545715,0.524151086807251,2.0900325775146484
PH2-60,ph2_val30,20260527,ph2_imd057,0.6254209280014038,0.524317741394043,2.090684652328491
PH2-60,ph2_val30,20260527,ph2_imd003,0.6266282200813293,0.5233751535415649,2.086538076400757
PH2-60,ph2_val30,20260527,ph2_imd139,0.624523937702179,0.5248880982398987,2.093785524368286
PH2-60,ph2_val30,20260527,ph2_imd379,0.6250180006027222,0.5245355367660522,2.092085123062134
PH2-60,ph2_test30,20260527,ph2_imd226,0.6247132420539856,0.5247555375099182,2.093130111694336
PH2-60,ph2_test30,20260527,ph2_imd103,0.626461923122406,0.5234709978103638,2.0871639251708984
PH2-60,ph2_test30,20260527,ph2_imd204,0.6277150511741638,0.5225568413734436,2.082864284515381
PH2-60,ph2_test30,20260527,ph2_imd429,0.6255566477775574,0.5241459608078003,2.0902323722839355
PH2-60,ph2_test30,20260527,ph2_imd397,0.6260578036308289,0.5237892270088196,2.0885281562805176
PH2-60,ph2_test30,20260527,ph2_imd085,0.6248709559440613,0.5246810913085938,2.092574119567871
PH2-60,ph2_test30,20260527,ph2_imd370,0.6263852119445801,0.5235525369644165,2.087418794631958
PH2-60,ph2_test30,20260527,ph2_imd435,0.6263454556465149,0.5236169695854187,2.087533712387085
PH2-60,ph2_test30,20260527,ph2_imd383,0.626150369644165,0.5236946940422058,2.0882327556610107
PH2-60,ph2_test30,20260527,ph2_imd312,0.6262057423591614,0.5236720442771912,2.0880229473114014
PH2-60,ph2_test30,20260527,ph2_imd108,0.6259738206863403,0.5238240957260132,2.088846445083618
PH2-60,ph2_test30,20260527,ph2_imd101,0.6254143118858337,0.524290144443512,2.0907249450683594
PH2-60,ph2_test30,20260527,ph2_imd032,0.6268961429595947,0.5232036709785461,2.0856435298919678
PH2-60,ph2_test30,20260527,ph2_imd013,0.6256721615791321,0.5240547060966492,2.0898454189300537
PH2-60,ph2_test30,20260527,ph2_imd014,0.6265122294425964,0.5234853029251099,2.0869553089141846
PH2-60,ph2_test30,20260527,ph2_imd206,0.6259549856185913,0.5238466262817383,2.0888938903808594
PH2-60,ph2_test30,20260527,ph2_imd380,0.6263872385025024,0.5235358476638794,2.087419033050537
PH2-60,ph2_test30,20260527,ph2_imd031,0.6240130662918091,0.525342583656311,2.0955371856689453
PH2-60,ph2_test30,20260527,ph2_imd365,0.6260139346122742,0.5237973928451538,2.0886898040771484
PH2-60,ph2_test30,20260527,ph2_imd405,0.625700831413269,0.5240437388420105,2.089740037918091
PH2-60,ph2_test30,20260527,ph2_imd036,0.6248987317085266,0.524660587310791,2.092510223388672
PH2-60,ph2_test30,20260527,ph2_imd425,0.626249372959137,0.5236966609954834,2.087857961654663
PH2-60,ph2_test30,20260527,ph2_imd045,0.6253644824028015,0.5242660641670227,2.0909245014190674
PH2-60,ph2_test30,20260527,ph2_imd105,0.625840961933136,0.5239208340644836,2.0893001556396484
PH2-60,ph2_test30,20260527,ph2_imd120,0.6256027221679688,0.5241222381591797,2.0900909900665283
PH2-60,ph2_test30,20260527,ph2_imd138,0.6257786750793457,0.5239899158477783,2.0894739627838135
PH2-60,ph2_test30,20260527,ph2_imd426,0.6258078813552856,0.5239866971969604,2.089381694793701
PH2-60,ph2_test30,20260527,ph2_imd010,0.6239583492279053,0.5252812504768372,2.095747709274292
PH2-60,ph2_test30,20260527,ph2_imd038,0.6257033944129944,0.5240322351455688,2.0897622108459473
PH2-60,ph2_test30,20260527,ph2_imd394,0.6270037889480591,0.5230988264083862,2.08528470993042
Kvasir-120,kvasir_val50,20260530,cju0s690hkp960855tjuaqvv0,0.7526693344116211,0.5730348825454712,2.198178291320801
Kvasir-120,kvasir_val50,20260530,cju0sr5ghl0nd08789uzf1raf,0.7498956322669983,0.5759459137916565,2.269265651702881
Kvasir-120,kvasir_val50,20260530,cju0sxqiclckk08551ycbwhno,0.752449631690979,0.5733847618103027,2.209202289581299
Kvasir-120,kvasir_val50,20260530,cju0t4oil7vzk099370nun5h9,0.746822714805603,0.5777292847633362,2.3001627922058105
Kvasir-120,kvasir_val50,20260530,cju0tl3uz8blh0993wxvn7ly3,0.7528181672096252,0.572295069694519,2.1894173622131348
Kvasir-120,kvasir_val50,20260530,cju0u2g7pmnux0801vkk47ivj,0.7482972145080566,0.576973557472229,2.287679672241211
Kvasir-120,kvasir_val50,20260530,cju0u82z3cuma0835wlxrnrjv,0.748602032661438,0.5768373608589172,2.284514904022217
Kvasir-120,kvasir_val50,20260530,cju0ue769mxii08019zqgdbxn,0.7525086998939514,0.5733957290649414,2.206345558166504
Kvasir-120,kvasir_val50,20260530,cju0vtox5ain6099360pu62rp,0.7524843811988831,0.5734624862670898,2.2074763774871826
Kvasir-120,kvasir_val50,20260530,cju13cgqmnhwn0988yrainhcp,0.7514650225639343,0.5750381350517273,2.240586757659912
Kvasir-120,kvasir_val50,20260530,cju13fwthn9mq0835gacxgy01,0.7516607642173767,0.5747836232185364,2.23557710647583
Kvasir-120,kvasir_val50,20260530,cju13hp5rnbjx0835bf0jowgx,0.7516741752624512,0.5747230648994446,2.2353715896606445
Kvasir-120,kvasir_val50,20260530,cju14g8o4xui30878gkgbrvqj,0.7527539134025574,0.5727832913398743,2.193343162536621
Kvasir-120,kvasir_val50,20260530,cju14hjh2ob2o0835ouz3r5aa,0.7511789202690125,0.5753574967384338,2.246877431869507
Kvasir-120,kvasir_val50,20260530,cju14pxbaoksp0835qzorx6g6,0.7522614002227783,0.5739124417304993,2.2168145179748535
Kvasir-120,kvasir_val50,20260530,cju15czxqp3lv0835jvhgzurz,0.748248815536499,0.5770881772041321,2.288113832473755
Kvasir-120,kvasir_val50,20260530,cju15jr8jz8sb0855ukmkswkz,0.7483438849449158,0.5769426226615906,2.287346601486206
Kvasir-120,kvasir_val50,20260530,cju15l5ubz9yh0855b3ivdpse,0.7529565095901489,0.5718956589698792,2.1792681217193604
Kvasir-120,kvasir_val50,20260530,cju15mhjczc8z0801kit5c6di,0.7519664764404297,0.5741065740585327,2.227184295654297
Kvasir-120,kvasir_val50,20260530,cju15ptjtppz40988odsm9azx,0.7518489360809326,0.574275553226471,2.230517625808716
Kvasir-120,kvasir_val50,20260530,cju15wdt3zla10801odjiw7sy,0.7511289119720459,0.5753250122070312,2.2481679916381836
Kvasir-120,kvasir_val50,20260530,cju160wshltz10993i1gmqxbe,0.7528253793716431,0.5724945664405823,2.188903331756592
Kvasir-120,kvasir_val50,20260530,cju16ach3m1da0993r1dq3sn2,0.7483461499214172,0.5770964622497559,2.287024736404419
Kvasir-120,kvasir_val50,20260530,cju16b6ynq8e40988m8vx0xnj,0.7529131770133972,0.5721986293792725,2.1826798915863037
Kvasir-120,kvasir_val50,20260530,cju16d65tzw9d0799ouslsw25,0.7525576949119568,0.5732993483543396,2.2040860652923584
Kvasir-120,kvasir_val50,20260530,cju16fpvhzypl0799p9phnlx6,0.7514139413833618,0.5749587416648865,2.2417337894439697
Kvasir-120,kvasir_val50,20260530,cju16jgnyzp970878melv7r25,0.7515692114830017,0.5748924612998962,2.2380566596984863
Kvasir-120,kvasir_val50,20260530,cju16whaj0e7n0855q7b6cjkm,0.7525625824928284,0.5728726387023926,2.203608274459839
Kvasir-120,kvasir_val50,20260530,cju32qr9tbvsj08013pkpjenq,0.7517918944358826,0.574347972869873,2.231998920440674
Kvasir-120,kvasir_val50,20260530,cju32srle1xfq083575i3fl75,0.7524164319038391,0.5735806822776794,2.2105836868286133
Kvasir-120,kvasir_val50,20260530,cju32upim1z7u0988l883nqp6,0.7511773705482483,0.5753263831138611,2.2471132278442383
Kvasir-120,kvasir_val50,20260530,cju32zhbnc1oy0801iyv1ix6p,0.747749388217926,0.5772782564163208,2.2924442291259766
Kvasir-120,kvasir_val50,20260530,cju330ofbc2l30801th5g3hw6,0.7526797652244568,0.57293701171875,2.197681188583374
Kvasir-120,kvasir_val50,20260530,cju33231uy4gi0993qc7b1jch,0.7525059580802917,0.5733898282051086,2.20639705657959
Kvasir-120,kvasir_val50,20260530,cju334jzo261t0835yqudnfs1,0.7500937581062317,0.5761632919311523,2.2661385536193848
Kvasir-120,kvasir_val50,20260530,cju336l68y7if0993wf092166,0.7504112124443054,0.5759039521217346,2.2613515853881836
Kvasir-120,kvasir_val50,20260530,cju3381d8bz3h07991xtl7ra0,0.7525888085365295,0.5731845498085022,2.2024571895599365
Kvasir-120,kvasir_val50,20260530,cju33belnbyhm0878yxl42233,0.7525071501731873,0.5733501315116882,2.206554889678955
Kvasir-120,kvasir_val50,20260530,cju33eqwbcch208012jikwdky,0.7509574294090271,0.575592577457428,2.2513880729675293
Kvasir-120,kvasir_val50,20260530,cju33jon3ygbj0993pu22a4k6,0.7527164220809937,0.5727939605712891,2.195768117904663
Kvasir-120,kvasir_val50,20260530,cju33mirdc8mj0799k33wzoes,0.7503634691238403,0.5759360790252686,2.262010335922241
Kvasir-120,kvasir_val50,20260530,cju33o12x2jm50988944mxq0v,0.7527514100074768,0.5727527141571045,2.193563222885132
Kvasir-120,kvasir_val50,20260530,cju33qpdvc9g0087825jhf3s9,0.752791166305542,0.5726030468940735,2.191118001937866
Kvasir-120,kvasir_val50,20260530,cju33w4sdcivk0855x879zht7,0.7522923946380615,0.5738690495491028,2.2155685424804688
Kvasir-120,kvasir_val50,20260530,cju33x0f22peh0988g0ln7w5v,0.7528591156005859,0.5723521113395691,2.1865997314453125
Kvasir-120,kvasir_val50,20260530,cju8ceacrsqkr0755hdz145es,0.7526310086250305,0.5731112957000732,2.200256586074829
Kvasir-120,kvasir_val50,20260530,cju8cgi2kspp308011nxdtjp6,0.7527558207511902,0.5727224946022034,2.1933493614196777
Kvasir-120,kvasir_val50,20260530,cju8chdlqsu620755azjty1tj,0.7519762516021729,0.574376106262207,2.226569652557373
Kvasir-120,kvasir_val50,20260530,cju8chxndsre008015uisl4si,0.7526831030845642,0.5730210542678833,2.1973748207092285
Kvasir-120,kvasir_val50,20260530,cju8cj10qsrau0871o2dr6ai1,0.7523606419563293,0.573695182800293,2.2129712104797363
Kvasir-120,kvasir_test70,20260530,cju7dp3dw2k4n0755zhe003ad,0.7524765729904175,0.5734266638755798,2.2079780101776123
Kvasir-120,kvasir_test70,20260530,cju7dqcwi2dz00850gcmr2ert,0.751637876033783,0.5741573572158813,2.236293315887451
Kvasir-120,kvasir_test70,20260530,cju7druhp2gp308715i6km7be,0.7494317293167114,0.5764349102973938,2.2750322818756104
Kvasir-120,kvasir_test70,20260530,cju7dsrtb2f8i085064kwugfk,0.7521218061447144,0.5741599798202515,2.221898317337036
Kvasir-120,kvasir_test70,20260530,cju7dtb1e2j0t0818deq51ib3,0.7510951161384583,0.575381338596344,2.2487905025482178
Kvasir-120,kvasir_test70,20260530,cju7dubap2g0w0801fgl42mg9,0.7522957921028137,0.5738171935081482,2.2154650688171387
Kvasir-120,kvasir_test70,20260530,cju7dvl5m2n4t0755hlnnjjet,0.7527354955673218,0.5728665590286255,2.1943533420562744
Kvasir-120,kvasir_test70,20260530,cju7dwe282dc309876rco45ts,0.7513849139213562,0.5747031569480896,2.242473602294922
Kvasir-120,kvasir_test70,20260530,cju7dxffn2eam0817qxosfwch,0.7522018551826477,0.5739481449127197,2.2190988063812256
Kvasir-120,kvasir_test70,20260530,cju7dymur2od30755eg8yv2ht,0.7519257068634033,0.5744023323059082,2.2282588481903076
Kvasir-120,kvasir_test70,20260530,cju7dz5yy2i7z0801ausi7rna,0.7528674602508545,0.5723152756690979,2.186028480529785
Kvasir-120,kvasir_test70,20260530,cju7ea4om2l910801bohqjccy,0.7525205016136169,0.5733393430709839,2.205925941467285
Kvasir-120,kvasir_test70,20260530,cju7ebe962hr409872ovibahw,0.7499635815620422,0.5759516954421997,2.267946720123291
Kvasir-120,kvasir_test70,20260530,cju7ecl9i2i060987xawjp4l0,0.7499992847442627,0.576176643371582,2.2673702239990234
Kvasir-120,kvasir_test70,20260530,cju7eea9b2m0z0801ynqv1fqu,0.7513828277587891,0.5744425654411316,2.2426021099090576
Kvasir-120,kvasir_test70,20260530,cju85nr8elly209872w9n5m0s,0.7524699568748474,0.5734803676605225,2.208200693130493
Kvasir-120,kvasir_test70,20260530,cju85omszllp30850b6rm9mi3,0.751413881778717,0.5751694440841675,2.241637706756592
Kvasir-120,kvasir_test70,20260530,cju85plp7lmkw0850rx42jdpf,0.7478469014167786,0.5771914124488831,2.2916953563690186
Kvasir-120,kvasir_test70,20260530,cju85qefyln6v0850szeb9byi,0.744692325592041,0.5784452557563782,2.314366340637207
Kvasir-120,kvasir_test70,20260530,cju85rkbnlo1c08503uxcpax1,0.7506045699119568,0.5758514404296875,2.257946729660034
Kvasir-120,kvasir_test70,20260530,cju87kbcen2av0987usezo8kn,0.7482970952987671,0.5771329402923584,2.2874646186828613
Kvasir-120,kvasir_test70,20260530,cju87li0zn3yb0817kbwgjiz8,0.7519809007644653,0.5737032890319824,2.225858211517334
Kvasir-120,kvasir_test70,20260530,cju87mrypnb1e0818scv1mxxg,0.7526605725288391,0.5729847550392151,2.1988298892974854
Kvasir-120,kvasir_test70,20260530,cju87nkyrnb970801q84m47yt,0.752398669719696,0.5732898116111755,2.211338996887207
Kvasir-120,kvasir_test70,20260530,cju87ox0kncom0801b98hqnd2,0.7523869872093201,0.5736655592918396,2.2117884159088135
Kvasir-120,kvasir_test70,20260530,cju87q6yoneim0871dl4phvkd,0.7498286366462708,0.5762520432472229,2.269867420196533
Kvasir-120,kvasir_test70,20260530,cju87r56lnkyp0755hz30leew,0.7475494742393494,0.57746821641922,2.2943196296691895
Kvasir-120,kvasir_test70,20260530,cju87tyddnnad0755bj0wxahe,0.7380101680755615,0.5799962282180786,2.3439242839813232
Kvasir-120,kvasir_test70,20260530,cju87vqa0ndwg0850onjdz7ol,0.7378592491149902,0.5793319344520569,2.344797134399414
Kvasir-120,kvasir_test70,20260530,cju87xn2snfmv0987sc3d9xnq,0.7516794800758362,0.5745488405227661,2.235438823699951
Kvasir-120,kvasir_test70,20260530,cju87z6o6nh73085045bzsx6o,0.7514773011207581,0.5751098394393921,2.240189790725708
Kvasir-120,kvasir_test70,20260530,cju87zv8lni0o0850hbbecbq6,0.7529106140136719,0.5721242427825928,2.182854175567627
Kvasir-120,kvasir_test70,20260530,cju8828oxnool0801qno9luhr,0.7503924369812012,0.576012134552002,2.261369466781616
Kvasir-120,kvasir_test70,20260530,cju884985nlmx0817vzpax3y4,0.7529175877571106,0.5720791220664978,2.182344436645508
Kvasir-120,kvasir_test70,20260530,cju8clorgsuwn08714toqb7v6,0.7514638900756836,0.5750535726547241,2.24053955078125
Kvasir-120,kvasir_test70,20260530,cju8cwy02t9eq08185qn12c02,0.75165194272995,0.5747914910316467,2.235865592956543
Kvasir-120,kvasir_test70,20260530,cju8czvnztbf40871b4m7t78w,0.7513541579246521,0.5750791430473328,2.2432010173797607
Kvasir-120,kvasir_test70,20260530,cju8d2q30tfhs0801n7lx77xl,0.7507796287536621,0.5757312178611755,2.254828929901123
Kvasir-120,kvasir_test70,20260530,cju8d4jgatgpj0871q2ophhkm,0.7510737180709839,0.5754795074462891,2.2491211891174316
Kvasir-120,kvasir_test70,20260530,cju8dic9mtppa0987swn23wbc,0.748971700668335,0.5768135786056519,2.280460834503174
Kvasir-120,kvasir_test70,20260530,cju8djdqztu6408506pzhlo18,0.7519472241401672,0.5743772387504578,2.227661609649658
Kvasir-120,kvasir_test70,20260530,cju8dk7eztzup08182yxko5zh,0.7525948882102966,0.5731183886528015,2.202234983444214
Kvasir-120,kvasir_test70,20260530,cju8dm2cau2km0818jsv9eeq2,0.7519565224647522,0.5743541121482849,2.227530002593994
Kvasir-120,kvasir_test70,20260530,cju8dn0c3u2v50801k8rvq02f,0.7493485808372498,0.5758547782897949,2.2762656211853027
Kvasir-120,kvasir_test70,20260530,cju8doa16u5gh0818w1ywda3q,0.7406650185585022,0.5780709385871887,2.3344624042510986
Kvasir-120,kvasir_test70,20260530,cju8dpa89u6l80818dj6lldh9,0.7497219443321228,0.576413094997406,2.271228551864624
Kvasir-120,kvasir_test70,20260530,cju8dqkrqu83i0818ev74qpxq,0.7450732588768005,0.577417254447937,2.3127665519714355
Kvasir-120,kvasir_test70,20260530,cjyzjzssvd8pq0838f4nolj5l,0.7523859143257141,0.573466420173645,2.2117204666137695
Kvasir-120,kvasir_test70,20260530,cjyzk8qieoboa0848ogj51wwm,0.7382746934890747,0.5792974233627319,2.3431942462921143
Kvasir-120,kvasir_test70,20260530,cjyzkmjy8evns070165gf9dmq,0.7521251440048218,0.5741391181945801,2.221813440322876
Kvasir-120,kvasir_test70,20260530,cjyzkpsbjdsjq07211dfi4sru,0.7528482675552368,0.5724242925643921,2.187377691268921
Kvasir-120,kvasir_test70,20260530,cjyzl833ndne80838pzuq6ila,0.7514206767082214,0.5750196576118469,2.2418015003204346
Kvasir-120,kvasir_test70,20260530,cjyzlw7f9faqr070129au64sq,0.7517405152320862,0.5747179388999939,2.233508348464966
Kvasir-120,kvasir_test70,20260530,cjyztzaqtrv430848l8xgcerw,0.7500360012054443,0.5762332081794739,2.266772985458374
Kvasir-120,kvasir_test70,20260530,cjyzu3reghjya0794w7pwoi50,0.7518364191055298,0.5745494365692139,2.2308847904205322
Kvasir-120,kvasir_test70,20260530,cjyzu9th0qt4r0a46pyl4zik0,0.7503543496131897,0.57574462890625,2.2615621089935303
Kvasir-120,kvasir_test70,20260530,cjyzufihqquiw0a46jatrbwln,0.744275689125061,0.5784339308738708,2.317021131515503
Kvasir-120,kvasir_test70,20260530,cjyzuio1qgh040763k56deohv,0.7529096603393555,0.5721725821495056,2.182957887649536
Kvasir-120,kvasir_test70,20260530,cjyzul1qggwwj07216mhiv5sy,0.7520290017127991,0.5740745663642883,2.2248752117156982
Kvasir-120,kvasir_test70,20260530,cjyzurzvohqnr0794es1itzek,0.7508949637413025,0.5756925344467163,2.2525243759155273
Kvasir-120,kvasir_test70,20260530,cjz14qsk2wci60794un9ozwmw,0.7516772747039795,0.5748119354248047,2.2352616786956787
Kvasir-120,kvasir_test70,20260530,ck2395w2mb4vu07480otsu6tw,0.750403881072998,0.5758976936340332,2.2614314556121826
Kvasir-120,kvasir_test70,20260530,ck2bxiswtxuw80838qkisqjwz,0.7513741254806519,0.575144350528717,2.2427124977111816
Kvasir-120,kvasir_test70,20260530,ck2bxknhjvs1x0794iogrq49k,0.7516153454780579,0.5748766660690308,2.2369091510772705
Kvasir-120,kvasir_test70,20260530,ck2bxlujamu330725szlc2jdu,0.7527080178260803,0.5728378891944885,2.1961774826049805
Kvasir-120,kvasir_test70,20260530,ck2bxpfgxu2mk0748gsh7xelu,0.7526409029960632,0.5730257034301758,2.1998214721679688
Kvasir-120,kvasir_test70,20260530,ck2bxqz3evvg20794iiyv5v2m,0.7529069781303406,0.5721335411071777,2.1831977367401123
Kvasir-120,kvasir_test70,20260530,ck2bxskgxxzfv08386xkqtqdy,0.7523459792137146,0.5737224221229553,2.2135066986083984
Kvasir-120,kvasir_test70,20260530,ck2bxw18mmz1k0725litqq2mc,0.7525644302368164,0.5731441378593445,2.203761577606201
Kvasir-120,kvasir_test70,20260530,ck2da7fwcjfis07218r1rvm95,0.7526821494102478,0.5729609727859497,2.1975319385528564
PH2-60,ph2_val30,20260530,ph2_imd107,0.6321030855178833,0.5224924087524414,2.084817886352539
PH2-60,ph2_val30,20260530,ph2_imd381,0.6300610303878784,0.524040937423706,2.0919718742370605
PH2-60,ph2_val30,20260530,ph2_imd023,0.6226146817207336,0.5294497609138489,2.1172993183135986
PH2-60,ph2_val30,20260530,ph2_imd080,0.6189728379249573,0.531947135925293,2.129384994506836
PH2-60,ph2_val30,20260530,ph2_imd168,0.6269974112510681,0.526264488697052,2.1023647785186768
PH2-60,ph2_val30,20260530,ph2_imd144,0.6328797936439514,0.5219143629074097,2.0821263790130615
PH2-60,ph2_val30,20260530,ph2_imd368,0.63204425573349,0.5225426554679871,2.085036277770996
PH2-60,ph2_val30,20260530,ph2_imd027,0.6300350427627563,0.5240472555160522,2.092012882232666
PH2-60,ph2_val30,20260530,ph2_imd173,0.6303449869155884,0.5238110423088074,2.090935468673706
PH2-60,ph2_val30,20260530,ph2_imd041,0.6308003067970276,0.523484468460083,2.0893869400024414
PH2-60,ph2_val30,20260530,ph2_imd360,0.6320735216140747,0.5225165486335754,2.084927797317505
PH2-60,ph2_val30,20260530,ph2_imd243,0.6290045380592346,0.5248109102249146,2.0955657958984375
PH2-60,ph2_val30,20260530,ph2_imd017,0.6257694363594055,0.5271633863449097,2.1066107749938965
PH2-60,ph2_val30,20260530,ph2_imd134,0.6316555738449097,0.5228179097175598,2.086350679397583
PH2-60,ph2_val30,20260530,ph2_imd161,0.6263793110847473,0.526726484298706,2.1045494079589844
PH2-60,ph2_val30,20260530,ph2_imd166,0.6269200444221497,0.5263413190841675,2.1027214527130127
PH2-60,ph2_val30,20260530,ph2_imd033,0.6309351921081543,0.5233989357948303,2.0889599323272705
PH2-60,ph2_val30,20260530,ph2_imd175,0.6311993598937988,0.5231803059577942,2.087986707687378
PH2-60,ph2_val30,20260530,ph2_imd418,0.6228458881378174,0.5292587280273438,2.116447687149048
PH2-60,ph2_val30,20260530,ph2_imd427,0.6296226382255554,0.5243543386459351,2.0934548377990723
PH2-60,ph2_val30,20260530,ph2_imd159,0.6274397373199463,0.5259277820587158,2.1008615493774414
PH2-60,ph2_val30,20260530,ph2_imd417,0.619098424911499,0.5318945050239563,2.128976821899414
PH2-60,ph2_val30,20260530,ph2_imd050,0.6311373710632324,0.523219883441925,2.0881826877593994
PH2-60,ph2_val30,20260530,ph2_imd399,0.6292281746864319,0.5245932340621948,2.09468674659729
PH2-60,ph2_val30,20260530,ph2_imd160,0.6260040998458862,0.5269932746887207,2.105811834335327
PH2-60,ph2_val30,20260530,ph2_imd421,0.6225491166114807,0.529481828212738,2.117537260055542
PH2-60,ph2_val30,20260530,ph2_imd057,0.6261773705482483,0.5268693566322327,2.1052134037017822
PH2-60,ph2_val30,20260530,ph2_imd003,0.6300604939460754,0.5240036845207214,2.091844081878662
PH2-60,ph2_val30,20260530,ph2_imd139,0.6307998299598694,0.5234366059303284,2.0892624855041504
PH2-60,ph2_val30,20260530,ph2_imd379,0.6305959820747375,0.5236132740974426,2.090038776397705
PH2-60,ph2_test30,20260530,ph2_imd226,0.6291492581367493,0.5246717929840088,2.0949745178222656
PH2-60,ph2_test30,20260530,ph2_imd103,0.6326507329940796,0.5220850706100464,2.0829217433929443
PH2-60,ph2_test30,20260530,ph2_imd204,0.6327536702156067,0.5220003724098206,2.082542896270752
PH2-60,ph2_test30,20260530,ph2_imd429,0.6305665373802185,0.5236311554908752,2.0901224613189697
PH2-60,ph2_test30,20260530,ph2_imd397,0.6299493312835693,0.5241124033927917,2.0923233032226562
PH2-60,ph2_test30,20260530,ph2_imd085,0.6268470883369446,0.5263799428939819,2.1028895378112793
PH2-60,ph2_test30,20260530,ph2_imd370,0.6301990747451782,0.5239296555519104,2.091463088989258
PH2-60,ph2_test30,20260530,ph2_imd435,0.6254400014877319,0.5274186730384827,2.107757568359375
PH2-60,ph2_test30,20260530,ph2_imd383,0.6325567960739136,0.5221524238586426,2.083240270614624
PH2-60,ph2_test30,20260530,ph2_imd312,0.631527304649353,0.522927463054657,2.0868372917175293
PH2-60,ph2_test30,20260530,ph2_imd108,0.6322169303894043,0.5224121809005737,2.0844337940216064
PH2-60,ph2_test30,20260530,ph2_imd101,0.6246872544288635,0.527951717376709,2.110299825668335
PH2-60,ph2_test30,20260530,ph2_imd032,0.6277713179588318,0.5257406234741211,2.099851131439209
PH2-60,ph2_test30,20260530,ph2_imd013,0.6311055421829224,0.5232508778572083,2.0883030891418457
PH2-60,ph2_test30,20260530,ph2_imd014,0.6267439723014832,0.5264812111854553,2.103339910507202
PH2-60,ph2_test30,20260530,ph2_imd206,0.6320896148681641,0.5224947333335876,2.084843635559082
PH2-60,ph2_test30,20260530,ph2_imd380,0.6317313313484192,0.5227712392807007,2.0861148834228516
PH2-60,ph2_test30,20260530,ph2_imd031,0.6213091611862183,0.5303272604942322,2.121626853942871
PH2-60,ph2_test30,20260530,ph2_imd365,0.6322177052497864,0.5224052667617798,2.0844123363494873
PH2-60,ph2_test30,20260530,ph2_imd405,0.6311076283454895,0.5232386589050293,2.088289499282837
PH2-60,ph2_test30,20260530,ph2_imd036,0.6251145005226135,0.5276227593421936,2.108790397644043
PH2-60,ph2_test30,20260530,ph2_imd425,0.6253114938735962,0.5275200605392456,2.108211040496826
PH2-60,ph2_test30,20260530,ph2_imd045,0.6319186687469482,0.5226243734359741,2.085428237915039
PH2-60,ph2_test30,20260530,ph2_imd105,0.6319049000740051,0.5226339101791382,2.085479259490967
PH2-60,ph2_test30,20260530,ph2_imd120,0.6294207572937012,0.5244951248168945,2.0941102504730225
PH2-60,ph2_test30,20260530,ph2_imd138,0.630165159702301,0.5239431858062744,2.091543197631836
PH2-60,ph2_test30,20260530,ph2_imd426,0.6280851364135742,0.5255020260810852,2.0987565517425537
PH2-60,ph2_test30,20260530,ph2_imd010,0.6312921047210693,0.5230880975723267,2.0876047611236572
PH2-60,ph2_test30,20260530,ph2_imd038,0.6318102478981018,0.522706151008606,2.0858283042907715
PH2-60,ph2_test30,20260530,ph2_imd394,0.6312218904495239,0.5231569409370422,2.087891101837158
